speaker,timestamp,spanish,words,tags
,,,,
Martha Torrez,[00:00:00:00],"Hoy es el día 19 de octubre de 1991. Yo soy la entrevistadora Marta Torres. Estoy hoy con la señora Elvira Varela. Este. La señora Varela. Sí. La dirección de ella es el nueve 17 Street, en la ciudad de Pocatelo. ¿A quién irá? Son aproximadamente las 15:00 de la tarde con cinco minutos. Buenas tardes, señora Varela.","Today is October 19, 1991. I'm interviewer Marta Torres. I'm with Mrs. Elvira Varela today. Mrs. Varela. Yes. Her address is 9 17th Street, in the city of Pocatelo. Who are you going to? It's approximately 3:05 p.m. Good afternoon, Mrs. Varela.",
Elvira Varela,[00:00:31:24],Es tarde.,It's late.,
Martha Torrez,[00:00:32:29],"Este. Le doy las gracias por prestarme su tiempo hoy por la tarde y quisiera este comenzar esta entrevista con la primer pregunta de que este cómo es de que su familia, cuando llegó su familia al estado de Idaho","Um. Thank you for your time this afternoon, and I'd like to start this interview with the first question: What is your family like? When did your family arrive in Idaho?",family;idaho
Elvira Varela,[00:00:50:18],"Como yo y mi mi marido. Si llegamos aquí, pues vinimos al. Cuando nos casamos, un primo mío fue para la escuela, para Tejas, para boda y nos trajo como luna de miel. Y así fue como nos quedamos aquí.","Like my husband and I. If we came here, we came to. When we got married, a cousin of mine went to Texas for school, for a wedding, and brought us for our honeymoon. And that's how we stayed here.",family;education
Martha Torrez,[00:01:04:23],¿En qué año fue eso?,What year was that?,
Elvira Varela,[00:01:05:26],Eso fue en el 52. Entonces el 53. El 50.,That was in '52. Then '53. '50.,
Martha Torrez,[00:01:10:05],"Y tres, 53. ¿A qué lugar vinieron?","And three, 53. Where did they come to?",
Elvira Varela,[00:01:13:15],Pocatelo,Pocatelo,
Martha Torrez,[00:01:15:08],Cuénteme del de este cuando vinieron aquí. ¿Cómo es de que vinieron? Vinieron que. ¿De qué modo de transportación usaron para venir?,Tell me about this when you came here. How did you come? You came where. What mode of transportation did you use to get here?,
Elvira Varela,[00:01:24:19],"Venimos en el carro de mi primo. Como él fue. Él nos trajo así. Nosotros no teníamos carro ni nada. No tenemos automóvil, absolutamente nada. Y como digo, estábamos en casados. Vinimos aquí y aquí estuvimos viviendo con ellos dos meses y después mi ex marido agarró trabajo en las Silplash que trabajó dos años.","We came in my cousin's car. Just like he did. He brought us there. We didn't have a car or anything. We don't have a car, absolutely nothing. And like I said, we were married. We came here and lived with them for two months, and then my ex-husband got a job at Silplash, where he worked for two years.",
Martha Torrez,[00:01:46:02],¿Él batalló él para encontrar trabajo?,Did he struggle to find work?,
Elvira Varela,[00:01:49:04],"No, porque él sabe muy bien inglés y. Y para él, él nunca. Él nunca trabajó en como en los fields, en las labores. Así. ¿No, no o no?","No, because he knows English very well and... And for him, he never... He never worked in the fields, in the labors. Like that. No, no, or no?",
Martha Torrez,[00:01:58:29],¿No tuvo nada de esa experiencia? No. ¿Qué recuerda usted de de Idaho? La. La primera vez que ustedes vinieron. Que. ¿Que se les parece aquí?,You didn't have any of that experience? No. What do you remember about Idaho? The. The first time you came. What. What's it like here?,idaho
Elvira Varela,[00:02:10:10],"¡Ay, Dios! Pues que parece de aire. Pues nos gustó bastante. Y pues era más diferente que Tejas y. Pero casi me recordaba mucho al estado de Iowa.","Oh, God! It's like air. We liked it quite a bit. And it was more different than Texas, and... But it almost reminded me a lot of the state of Iowa.",
Martha Torrez,[00:02:24:00],Que era lo que le gustaba de.,That was what he liked about.,
Elvira Varela,[00:02:25:05],Allá. De aquí. Las montañas.,There. From here. The mountains.,environment
Martha Torrez,[00:02:28:07],"¿El se me hace este diferente era porque casi la mayoría de la gente dice que vinieron aquí por la buscando la oportunidad de trabajo, verdad? Pues así es de que su historia es un poco una un poco diferente. Sí, este se le hacía frío el tiempo de verano.","This seems different to me because most people say they came here looking for a job opportunity, right? Well, that's why his story is a little different. Yes, the summer weather seemed cold to him.",health
Elvira Varela,[00:02:44:23],"Pues sí, Frío. Ajá.","Well yes, Cold. Yeah.",health
Martha Torrez,[00:02:46:23],"¿Cuando vinieron aquí, en donde vivieron primero en una compraron casa o este rentar o no?","When you came here, where did you live first, did you buy a house or rent it or not?",
Elvira Varela,[00:02:54:10],"Cuando vinimos aquí vivimos en con con su primo, con mi primo. Entonces cuando mi marido agarró el trabajo, nos fuimos a vivir allá por la calle siete y vivimos en un apartamento por dos años. Luego de ahí, eso fue como para 54, el 55 que mi hija nació. Vivimos en una casa también. Nunca vimos en rancho, nunca vimos en un rancho.","When we came here, we lived with his cousin, with my cousin. Then, when my husband got a job, we moved over there on Seventh Street and lived in an apartment for two years. After that, that was around '54, and in '55, my daughter was born. We lived in a house too. We never lived in a ranch, we never lived in a ranch.",family;agriculture
Elvira Varela,[00:03:19:28],"Entonces el 59 compramos casa, que es la que tengo yo ahorita.","So in '59 we bought a house, which is the one I have now.",
Martha Torrez,[00:03:24:12],¿Este su familia no trabajó en las labores en algún tiempo?,Didn't your family work in the fields at some point?,family
Elvira Varela,[00:03:28:15],"¿Yo? Usted Sí, yo. Pero no, no, no, mi familia de mi que yo y mi marido. No, no fue, fue. Fuimos a. Cuando vinimos aquí fue. Fue diferente la vida que llevamos. Pero yo sí. Yo sí. Trabajé en labores y me para otro. Pero me quedó. Sabes que la gente. Yo sí, pero no me casé. Se me acabó a mí eso, porque mucha gente conoce Esteban y él sabe que él nunca.","Me? You. Yes, me. But no, no, no, my family, my husband and I. No, it wasn't, it was. We went. When we came here it was. The life we ​​led was different. But I did. I did. I worked in labor and I stopped for another. But it stayed with me. You know, people. I did, but I didn't get married. That ended for me, because many people know Esteban and he knows that he never...",family;labor
Elvira Varela,[00:03:49:24],"Él siempre. Él trabajó en por dos años en por 26 años. Y mis hijos educaron aquí. Yo nunca trabajé, nunca tuve tres hasta que empezamos con este, con este negocio.","He always did. He worked here for two years and then for 26 years. And my children were educated here. I never worked, I never had three children until we started this, this business.",
Martha Torrez,[00:04:06:01],"Recuerda usted que mucha gente mexicana en esta área, cuando ustedes vinieron.",Do you remember that there were a lot of Mexican people in this area when you came?,mexico
Elvira Varela,[00:04:10:25],"Sí, había, pero eran los que las familias que estaban aquí, que eran así, así, criadas aquí y las sus padres que habían venido de México hacía muchos años. Ahora sí hay mucha gente mexicana que vienen de Texas y todo el mundo entiende. Pero yo recuerdo cuando vinimos aquí muchas cosas, no se conseguía.","Yes, there were, but they were the families who were here, who were raised here, and their parents who had come from Mexico many years ago. Now, there are many Mexican people who come from Texas, and everyone understands. But I remember when we came here, many things weren't available.",mexico
Martha Torrez,[00:04:25:20],Como que.,Like what.,
Elvira Varela,[00:04:26:06],"Como el chile, así como tortillas, algo así al menos ni frijol pinto se conseguían porque no.","Like chili, as well as tortillas, something like that, at least not even pinto beans could be found because they weren't.",food and drink
Martha Torrez,[00:04:34:22],"¿Como le hacía a la gente, verdad? Porque uno está acostumbrado por ley.","What he did to people, right? Because one is accustomed to it by law.",
Elvira Varela,[00:04:37:22],"Yo me acuerdo que íbamos a Salt Lake y que a traer cosas así, pero ya después estuvo ya donde mexicanos y se consiguió más todo eso.","I remember that we used to go to Salt Lake and bring things like that, but later he went to the Mexicans and we got more of that.",food and drink;recreation
Martha Torrez,[00:04:48:10],"¿Aparte de eso, no recuerda usted algunas otras, algunos otros problemas que haya tenido la gente mexicana se haga el tratamiento en los trabajos o no se veía la discriminación? ¿No recuerda usted algo?","Aside from that, do you recall any other problems Mexicans had with getting treatment at work, or with discrimination? Do you recall anything?",health
Elvira Varela,[00:05:02:05],"No, pero la discriminación la vi en la vida en Texas, pero algo no o qué.","No, but I saw discrimination in my life in Texas, but something didn't or what.",
Martha Torrez,[00:05:09:08],Curioso.,Curious.,
Elvira Varela,[00:05:10:01],"¿No? En mis hijos, como digo, se criaron aquí y más gente. Bueno, es malo decirlo. No sé cómo lo va a pensar usted, pero más con los americanos, con los mexicanos. Y nunca han tenido ningún problema.","No? My children, as I say, were raised here, along with other people. Well, that's a bad thing to say. I don't know how you think about it, but more so with Americans, with Mexicans. And they've never had any problems.",
Martha Torrez,[00:05:20:24],Ellos nunca.,They never.,
Elvira Varela,[00:05:22:27],"Y mi hija está casada con un americano y mi hijo con la americana de ahí. Pero como le digo, nunca nosotros. Pero sí hemos oído ahora en esta época, ahorita que sí hay más. No sé por qué será porque hay más mexicanos, bien, no sé. Y nosotros siempre les dijimos a nuestros hijos que ellos eran mexicanos. Tienen que estar orgullosos de lo que fueran, de que eran mexicanos, pero como no había mucha oportunidad para que ellos también hablaban español, nomás lo que nosotros hablamos en la casa, ellos con lo que aprendieron, pero están educados en España hablar bastante en español.","And my daughter is married to an American, and my son to an American woman from there. But as I said, never us. But we have heard now, in this era, right now, that there are more of them. I don't know why it is because there are more Mexicans, well, I don't know. And we always told our children that they were Mexican. They should be proud of who they were, that they were Mexican, but since there weren't many opportunities for them to speak Spanish, just what we spoke at home, they spoke what they learned, but they were raised in Spain to speak a lot of Spanish.",mexico;spain
Martha Torrez,[00:05:55:18],Para usted es.,It's for you.,
Elvira Varela,[00:05:56:06],"¿Importante? Sí, claro, claro. Pero así se quedaron ellos y así fue como.","Important? Yes, of course, of course. But that's how they stayed, and that's how it was.",
Martha Torrez,[00:06:05:23],"Este hablando de la educación, vamos en el tema de educación. Usted tuvo educación, atendió a la escuela.","We're talking about education. Let's get to the topic. You had an education, you went to school.",education
Elvira Varela,[00:06:14:22],Nomás hasta el Five Grade.,Just up to the Fifth Grade.,education
Martha Torrez,[00:06:16:04],En Tejas. ¿En Tejas? Arriba este. ¿Qué recuerda usted de su estudio de los sus años en la escuela de Tejas?,In Texas. In Texas? Up there. What do you remember from your school years in Texas?,education
Elvira Varela,[00:06:24:27],"Bueno, pues yo le podría decir.","Well, I could tell you.",
Martha Torrez,[00:06:28:26],Se me hace algo curioso. Era porque sí mencionó usted la discriminación. Pero en el estado de Tejas. Recuerda usted.,I find something curious. It was because you did mention discrimination. But in the state of Texas. Do you remember?,
Elvira Varela,[00:06:35:22],"¿Algo? Sí, porque ahí es donde yo fui a la escuela. Había las escuelas para los mexicanos y escuela para la gente, para los niños americanos. Y yo por eso le tomo que si había discriminación, por qué no podíamos ir todos juntos como aquí, si mis hijos fueron a la escuela y nunca han ido a una escuela separada de los americanos.","Anything? Yes, because that's where I went to school. There were schools for Mexicans and schools for other people, for American children. And that's why I think, if there was discrimination, why couldn't we all go together like here, if my children went to school and have never gone to a school separate from the Americans.",education
Martha Torrez,[00:06:53:20],Y ahora lo entiendo.,And now I understand.,
Elvira Varela,[00:06:54:20],"Eso es lo que yo pensé cuando yo no estoy aquí, cuando yo ya crecí, que era grande, había muchos lugares que no podían entrar los mexicanos. Mhm. Yo recuerdo mentira al trato, al cine. Había tanto americano que no más los puros americanos. Entraba en el trato americano. Eso fue bueno. El principio del 50 al 49 50. Todavía hay mucho que yo creo que ya no es.","That's what I thought when I wasn't here, when I was already growing up, when I was older, there were many places where Mexicans couldn't enter. Mhm. I remember lying about the deal, the movies. There were so many Americans that it was just pure Americans. I got into the American deal. That was good. The beginning of the 50s to 49 50s. There's still a lot that I think is gone.",
Elvira Varela,[00:07:16:07],No es tanto. Vaya. Pero esos años sí lo había. Y más años atrás había más.,"It's not that much. Wow. But there was a lot of it back then. And years ago, there were even more.",
Martha Torrez,[00:07:21:01],Y le gustaba usted la escuela cuando usted.,And you liked school when you.,education
Elvira Varela,[00:07:22:26],"O si, claro, nada más que por trabajar con ayudar a mis padres en las labores. Por eso fue que nos educamos bastante los tres mayores de mi familia, mis hermanos y mis hermanas. Pues los demás sí, ya que el ser acabaron su escuela. Tengo tres, dos hermanos que se graduaron y dos hermanas. Mhm.","Oh yes, of course, just to work and help my parents with the chores. That's why the three oldest members of my family, my brothers and sisters, were quite educated. The rest of us were, since they finished school. I have three: two brothers who graduated and two sisters. Mhm.",family;education
Martha Torrez,[00:07:44:03],"Este ya una vez en el estado de Idaho, iban de un tirón nada más en esta área, vivieron o este vivieron en algunos otros pueblos de aquí desde estando.","This one already once in the state of Idaho, they went straight to this area, they lived or this one lived in some other towns here since being there.",idaho
Elvira Varela,[00:07:55:17],Los aquí hubo cautela.,There was caution here.,
Martha Torrez,[00:08:04:14],"¿Dice usted que usted fue a la escuela en Texas, verdad? ¿Y que los estaban separados Los estudiantes mexicanos de los estudiantes americanos? El lenguaje, o sea, el idioma, no era problema para usted ahí cuando usted estaba en la escuela. No.","You say you went to school in Texas, right? And that the Mexican students were separated from the American students? Language—that is, the language—wasn't a problem for you there when you were in school. No.",education;mexico
Elvira Varela,[00:08:19:26],"No, que No pienso que.","No, I don't think so.",
Martha Torrez,[00:08:21:15],Que era que hablaban cuando iban a la.,What were they talking about when they went to the.,
Elvira Varela,[00:08:23:12],Escuela española Hasta que no estábamos en clase.,Spanish School Until we were in class.,education
Martha Torrez,[00:08:25:27],"Sí, pero en la clase hablaban.","Yes, but in class they talked.",
Elvira Varela,[00:08:28:03],Sí.,Yeah.,
Elvira Varela,[00:08:28:22],Mhm.,Mhm.,
Elvira Varela,[00:08:29:12],Y luego yo recuerdo que las maestras hablaban español con nosotros también.,And then I remember that the teachers spoke Spanish with us too.,
Martha Torrez,[00:08:36:05],Este. Cuénteme de sus maestras. ¿Hay alguna? ¿Recuerda usted alguna que que haya sido una maestra especial para usted? Cuénteme de de su experiencia con sus maestras.,Um. Tell me about your teachers. Are there any? Do you remember any who were special teachers for you? Tell me about your experience with your teachers.,
Elvira Varela,[00:08:47:07],"Bueno, yo me acuerdo cuando yo estaba en second grade tenía, eh, había estas esta maestras. No me puedo recordar su nombre.","Well, I remember when I was in second grade, I had, uh, these teachers. I can't remember their names.",education
Elvira Varela,[00:08:58:15],Pero fue la mejor maestra que yo recuerdo que tuve yo y mi hermano.,But she was the best teacher I remember my brother and I having.,education;family
Martha Torrez,[00:09:03:05],¿De qué manera fue mejor?,How was it better?,
Elvira Varela,[00:09:04:24],"Bueno, ella sintió. No, yo. Yo pensaba que tomaba más tiempo en ese año. Pensé que ya tomaba más tiempo para. Para, Para que nosotros aprendiéramos que cuando yo pasé a otro grado que fue más diferente. Pero esa, esa maestra iba hasta mi casa, nos llevaba y y luego nos daba, nos explicaba más, mucho más. Yo me acuerdo, yo tenía siete años.","Well, she felt it. No, I did. I thought it took more time that year. I thought it already took more time for us to learn than when I moved on to another grade that was more different. But that teacher would come to my house, take us, and then she would explain to us more, much more. I remember, I was seven years old.",education
Elvira Varela,[00:09:32:17],"Que fueron así, cosas así, pero no muy, muy no muy claro.","That was how it was, things like that, but not very, very, not very clear.",
Martha Torrez,[00:09:38:28],"Bueno, entonces este vamos, parece que usted. Para usted la educación es importante porque sus hijos estudiaron este. La educación que era para sus padres era importante para ellos también.","Okay, so let's go with this one, it seems like you. Education is important to you because your children studied this. The education that was for their parents was important to them too.",education
Elvira Varela,[00:09:57:19],"Pues si era. Pero no podían hacer más que lo que podían hacer en esos años era muy diferente a como está ahora. Mi papá le ponía mucho que nosotros tuviéramos en los fields trabajando con él y no estar en la escuela, pues no podía ser más la necesidad. La necesidad en aquellos años era muy diferente, mucho, muy diferente, normal.","Well, yes, it was. But they couldn't do more than what they could do in those years, which was very different from how it is now. My father really valued us working in the fields with him and not being in school, because the need couldn't have been greater. The need in those years was very different, very, very different, normal.",family;education
Elvira Varela,[00:10:18:12],"Mi familia había millares de familias y así fue como como vivieron lo menos en los de Tejas, los queremos de Tejas. Nos cruzaremos al norte a trabajar como eso. Yo cuando me casé fue muy diferente. Cambi cambió de una vida a otra, mucho muy diferente, muy diferente. Porque como digo, mi ex marido no el el. Él estaba más, mucho más educado que yo porque se terminó la escuela y todo eso.","My family had thousands of families, and that's how they lived, at least in Texas. We love them from Texas. We'll cross north to work like that. When I got married, it was very different. I changed from one life to another, very, very different. Because, as I say, my ex-husband wasn't him. He was more, much more educated than me because he finished school and all that.",family;education
Elvira Varela,[00:10:41:12],Nunca supe su padre de él nunca tuve que salir del estado porque él es de Texas y nunca tuve que salir de ahí para buscar trabajo como nunca. Mis padres lo hicieron.,"I never knew his father about him. I never had to leave the state because he's from Texas, and I never had to leave to look for work like I ever did. My parents did.",family
Martha Torrez,[00:10:52:21],"¿Qué diría usted que era la diferencia? Por eso, por la educación.",What would you say was the difference? That's because of education.,education
Elvira Varela,[00:10:57:04],Pues yo pienso que si.,"Well, I think so.",
Martha Torrez,[00:11:01:03],"¿En su punto de vista, cómo ha visto que ha visto usted las oportunidades de educación que hayan cambiado del tiempo que usted era niña? ¿Al tiempo de hoy no? Pues a ver, cuénteme de eso. ¿Cómo piensa usted que ha cambiado?","In your view, how have you seen educational opportunities change since you were a child? Not now? Well, tell me about that. How do you think they've changed?",family
Elvira Varela,[00:11:15:22],Pues ha cambiado en el modo de que.,"Well, it has changed in the way that.",
Martha Torrez,[00:11:20:25],Vamos hablando de los como los estudiantes mexicanos americanos de aquí del estado de Idaho. ¿Qué oportunidades piensa usted que hay ahora que no había?,Let's talk about Mexican-American students here in Idaho. What opportunities do you think exist now that didn't exist before?,idaho
Elvira Varela,[00:11:30:07],"Pues hay muchas, muchas oportunidades. Que barbaridad que las que hubo en aquel tiempo.","Well, there are many, many opportunities. How incredible there were back then.",
Elvira Varela,[00:11:38:08],"¿Por qué? ¿En primer lugar, nadie ya trabaja en las labores casi, verdad? Tiene que haber más oportunidades para que trabajen. Los padres trabajan en diferentes trabajos y los hijos tienen mucha, mucha, mucha oportunidad.","Why? First of all, hardly anyone works in the fields anymore, right? There need to be more opportunities for them to work. Parents work in different jobs, and children have plenty of opportunities.",
Martha Torrez,[00:11:55:21],"¿Piensa usted que los estudiantes mexicanos americanos de aquí del estado de Idaho, este les hace bien la escuela, que tienen buena educación aquí en Estados?","Do you think that Mexican-American students here in the state of Idaho are doing well in school, that they have a good education here in the United States?",idaho;education
Elvira Varela,[00:12:06:14],Pues claro que sí. En su.,Of course. In your.,
Martha Torrez,[00:12:11:12],"Vamos a cambiar el tema un poquito. Ahora la economía este. ¿Parece que usted ha trabajado casi toda su vida, verdad? ¿Me puede describir su primer trabajo Y cuántos años tenía cuando usted tuvo su primer trabajo?","Let's change the subject a bit. Now, this is the economy. It seems like you've worked almost your entire life, right? Can you describe your first job? And how old were you when you had your first job?",economy
Elvira Varela,[00:12:27:24],Yo trabajo el mío.,I work mine.,
Elvira Varela,[00:12:34:03],Okay.,Okay.,
Elvira Varela,[00:12:35:01],"Bueno, yo tenía 12 años cuando mi papá y mi mamá fueron para el estado de Michigan y trabajamos en el betabel.","Well, I was 12 years old when my dad and mom went to Michigan and we worked in the beet field.",
Martha Torrez,[00:12:43:23],"¿Recuerda usted cómo le pagaban o cuánto le pagaban? No, ese tiempo no.","Do you remember how you were paid, or how much you were paid? No, not that time.",
Elvira Varela,[00:12:48:19],"No, eso no.","No, not that.",
Martha Torrez,[00:12:50:13],¿Qué? ¿Qué tipos de trabajo hacía su padre y su madre?,What? What kind of work did your father and mother do?,family
Elvira Varela,[00:12:54:00],Lo mismo.,The same.,
Martha Torrez,[00:12:55:01],Pura labor. ¿Eh? ¿Qué cosechas? No recuerda.,Pure labor. Huh? What crops do you harvest? He doesn't remember.,labor;agriculture
Elvira Varela,[00:12:59:23],"¿Betabel? Seguíamos. Seguíamos los trabajos, el betabel, pepino y todo eso. Mis carnes. Papas aquí, naranjo, pescado. Muchas papas.","Beets? We continued. We continued with the work, the beets, cucumbers, and all that. My meats. Potatoes here, orange trees, fish. Lots of potatoes.",
Martha Torrez,[00:13:10:17],¿Opina usted de que usted tiene su posición económica? ¿Ahorita es mejor a la que la que era de sus padres?,Do you think your financial position is better now than your parents'?,
Elvira Varela,[00:13:19:04],"Oh, pues sí, claro, mil veces.","Oh, well yes, of course, a thousand times.",
Martha Torrez,[00:13:25:04],"¿Porque usted ya no, ya no, no trabaja en la labor, verdad? Parece que tiene su buen negocio este.","Because you don't, don't, don't work in the field anymore, right? It seems you have a good business here.",
Martha Torrez,[00:13:36:21],"Este le estaba explicando de las condiciones para los trabajadores campesinos. Hoy en día todavía tienen problemas con este. Las viviendas y a veces no les quieren pagar ni el sueldo mínimo. ¿Qué tipo de condiciones recuerda usted, verdad? ¿Cuando andaban trabajando en las labores? Platícame de su experiencia.","He was explaining the conditions for farm workers. They still have problems with this today. Housing, and sometimes they don't even want to pay them the minimum wage. What kind of conditions do you remember? When you were working in the fields? Tell me about your experience.",labor
Elvira Varela,[00:13:59:07],Pues.,Well.,
Elvira Varela,[00:14:02:21],"¿No? Ah, como como dice usted. No, no era así, porque yo me acuerdo que vivíamos en muy buena casa, vieja, la casa en un rancho. Pero era, estaba, tenía todas las felicidades y todo, absolutamente todo. Por siete años fuimos a vivir y pues eso fue en Greeley, Colorado y mi papá va en tener una casa muy grande. Hay toda la gente que ya vivía con sus diferentes aparte cuartos mi papá agarraban lo mejor, lo como era el ropero, pero de todos modos era era un lugar muy muy bien y cuando íbamos para Tejas al algodon, al, al algodón también había un.","No? Ah, like you say. No, it wasn't like that, because I remember we lived in a very good house, an old one, a house on a ranch. But it was, it was, it had all the charms and everything, absolutely everything. We lived there for seven years, and well, that was in Greeley, Colorado, and my dad had a very big house. There were all the people who lived there with their different rooms. My dad would grab the best, like the closet, but anyway, it was a very, very good place, and when we went to Texas to the cotton, to the, to the cotton there was also a...",agriculture
Elvira Varela,[00:14:40:10],Por muchos años lo hicimos con un solo ranchero. Mi papá levantaba acres de.,For many years we did it with just one rancher. My dad farmed acres of land.,
Martha Torrez,[00:14:46:00],Algodón.,Cotton.,agriculture
Elvira Varela,[00:14:47:18],"Y no, ni nunca se oía. Ahora quizá oiga más. No sé, pero en ese tiempo yo no lo había tanto. Así.","And no, it wasn't ever heard. Maybe I hear it more now. I don't know, but at that time I didn't hear it as much. Like that.",
Martha Torrez,[00:14:55:29],"¿A veces yo he platicado con bastante gente, verdad? De alguna gente tiene la opinión de que los campesinos todavía hacen el trabajo que hacen, porque eso es lo que ellos quieren hacer. Sí que no hay, que ellos este tienen la misma oportunidad que toda la otra gente que siguen ahí porque ahí quieren estar. ¿Qué opina usted de eso?","I've talked to quite a few people at times, haven't I? Some people think that farmers still do the work they do because that's what they want to do. Yes, that's not the case; they have the same opportunities as all the other people who remain there because that's where they want to be. What do you think about that?",
Martha Torrez,[00:15:18:06],¿Piensa qué es lo que piensa Ustedes?,What do you think?,
Elvira Varela,[00:15:23:15],"Bueno, pues yo no. ¿Sí, bueno, es que como cada quien, verdad? Piensa lo que quiere. Si esa persona está contenta con hacer eso, pues está bien. Pero yo pienso que todos nos debemos de de de avanzar adelante, no seguir con lo mismo.","Well, I don't. Yeah, well, it's like everyone else, right? They think what they want. If that person is happy doing that, then fine. But I think we should all move forward, not continue with the same old thing.",
Martha Torrez,[00:15:41:09],Piensa usted que cualquier persona que que quisiera hacer.,Do you think that anyone who would like to do that?,
Elvira Varela,[00:15:44:08],"¿Algo lo pudiera hacer? Claro, y ahora hay muchas oportunidades que las que no pueden hablar inglés para que lo aprendan. Hay mucho, muchas, hasta hasta no tienen ni que pagar por esas escuelas que hay de noche y todo eso. Así que esa persona si no quiere mejorarse, bueno, pues es culpa de ella.","Could anything help? Of course, and now there are many opportunities for those who can't speak English to learn it. There are many, many, and they don't even have to pay for those night schools and all that. So if that person doesn't want to improve, well, it's their own fault.",
Martha Torrez,[00:16:01:24],"¿Ahora parece que usted está en un puesto muy bien, verdad? Tiene su propio negocio. ¿Me puede platicar algo acerca de cómo fue que usted decidió abrir su propio negocio Y si fue difícil?","It seems like you're in a pretty good position now, right? You have your own business. Can you tell me a little about how you decided to open your own business, and if it was difficult?",
Elvira Varela,[00:16:13:18],"Bueno, pues no fui yo la que decidí. Fue mi exmarido. Yo no quería nada con negocio o.","Well, it wasn't me who decided. It was my ex-husband. I didn't want anything to do with business or...",
Martha Torrez,[00:16:17:12],No.,No.,
Elvira Varela,[00:16:17:19],Porque.,Because.,
Elvira Varela,[00:16:21:02],"No, él fue el que quería. Él quiso, pero ya cuando estamos aquí. Bueno, los dos trabajamos por muchos años en este restaurante, por 14 años juntos. Y ahora yo tengo sola dos años porque tengo mi él. Cuando nos divorciamos, él me entregó todo a mí. Pues yo me quedé con el negocio y. Y me gusta bastante. Me gusta mucho porque he conocido mucha gente y I like to be la Business woman.","No, he was the one who wanted it. He wanted it, but it wasn't until we were here. Well, we both worked for many years in this restaurant, for 14 years together. And now I've been single for two years because I have my husband. When we divorced, he handed everything over to me. Well, I kept the business and... And I like it a lot. I like it a lot because I've met a lot of people and I like to be a business woman.",family
Elvira Varela,[00:16:46:27],Mhm. Y he aprendido bastante. Y yo a mi hijo ahora tengo mi hijo que él me ayuda y somos los dueños.,"Mhm. And I've learned a lot. And now I have my son, who helps me, and we're the owners.",
Martha Torrez,[00:16:53:07],Batallaron para como este para comenzar uno Cómo fue.,They fought like this to start one How it was.,
Elvira Varela,[00:16:59:00],"Que Bueno, cuando comenzamos el negocio comenzamos. ¿Éramos tres parejas verdad? Tres parejas. Entonces por tener los primeros tres meses la primera pareja que comenzó con nosotros ya no les convino, sino que les compramos. ¿Y dónde salieron entonces? Seguimos las otras dos parejas a tres años más abrimos aquí en 75 y luego el 78, la segunda pareja que vienen.","Well, when we started the business, we started. We were three couples, right? Three couples. So, because the first couple that started with us for the first three months wasn't suitable for them, so we bought them. And where did they end up then? We followed the other two couples. Three more years later, we opened here in 1975, and then in 1978, the second couple came.",
Elvira Varela,[00:17:23:26],"Ellos tampoco quisieron. Estamos quedándome yo en mi ex marido juntos aquí hasta en el 70, 80, hasta el 98 que seamos. Si yo sola estoy hoy.","They didn't want to either. We're staying here with my ex-husband until we're 70, 80, or 98. I'm alone today.",
Martha Torrez,[00:17:34:20],El esfuerzo ha de ser bastante verdad. Si un negocio se lleva.,The effort must be quite genuine. If a business is successful.,
Elvira Varela,[00:17:38:18],"Se iba hasta bastante trabajo, bastante trabajo y y y me ha ido muy bien para no.","It was going to take a lot of work, a lot of work and and and it has gone very well for me not to.",
Elvira Varela,[00:17:44:23],Dejar muy bien que.,Leave it very well.,
Martha Torrez,[00:17:48:20],¿Si Cómo es de que supieron de este de esta clase de de empleo? ¿Verdad que había la oportunidad?,"How did you know about this kind of job? There was an opportunity, right?",
Elvira Varela,[00:17:55:07],"Bueno, es que Esteban el siempre así es el nombre de mi ex marido. Él siempre quería negocios. Yo y él solos abrimos un este primer restaurante en Pocatelo mexicano que nunca había nadie. Lo abrimos en el 61 aquí, porque con ese restaurante nomás tuvimos un año y medio. Yo tenía mis niños chiquitos, estaban bebitos, yo no podía. Y luego mi hijo que tenemos enfermo, que le platiqué, tenía mucho problema con él y él esta tarde en la garita nunca dejó su trabajo.","Well, Esteban—that's my ex-husband's name. He always wanted to do business. He and I, alone, opened this first Mexican restaurant in Pocatelo, where there was never anyone. We opened it in '61 here, because we only had that restaurant for a year and a half. I had my little children, they were babies, and I couldn't handle it. And then my son, who is sick, I told him about it, had a lot of problems with him, and this afternoon at the border crossing, he never left his job.",mexico;migration
Elvira Varela,[00:18:22:00],"Nomás que tenemos un restaurante por extra, entonces mejor ya no seguimos con él. Pero él siempre, siempre quiso un restaurante. Él fue locutor por muchos años, o sea muchos años por parte de la.","We just have a restaurant on the side, so it's better if we don't continue with it. But he always, always wanted a restaurant. He was a broadcaster for many years, or many years on behalf of the...",
Elvira Varela,[00:18:36:29],"Sí, tenía sobre el su su programa por el por radio por 28 años y pues la televisión como unos diez años.","Yes, he had his radio show for 28 years and television for about ten years.",technology
Martha Torrez,[00:18:44:27],Fíjese qué es lo que más le gusta de su negocio.,See what you like most about your business.,
Elvira Varela,[00:18:49:05],Pues me gusta todo.,"Well, I like everything.",
Martha Torrez,[00:18:53:21],¿Y le iba a preguntar qué es lo que menos le gusta?,And I was going to ask you what you like least?,
Elvira Varela,[00:18:56:26],Pues me gusta el dinero.,"Well, I like money.",
Martha Torrez,[00:18:59:24],"Eso es todo lo que tenemos ahí. ¿Todos tenemos en común, verdad? Todos nos gusta el dinero.","That's all we have there. We all have something in common, right? We all like money.",
Martha Torrez,[00:19:11:00],"Tiene su. ¿Su casa propia, verdad? ¿Está comprando su casa o ya la tiene Este de todas las ciudades o pueblitos de Idaho? ¿Cuál es la que le gusta mejor? Obviamente. Aquí es aquí. El pueblo de Pocatelo. ¿Te lo han vivido, verdad? Bastante.","You have your own house, right? Are you buying your own house or do you already have one? Of all the cities or towns in Idaho, which one do you like best? Obviously. This is it. The town of Pocatello. You've experienced it, haven't you? Quite a lot.",idaho;pocatello
Elvira Varela,[00:19:29:15],Y 37 años este.,And this one is 37 years old.,
Martha Torrez,[00:19:31:26],Platícame algo de la comunidad.,Tell me something about the community.,
Elvira Varela,[00:19:36:17],"Pues que Pues. Bueno, pues.","Well, well. Well, well.",
Martha Torrez,[00:19:43:23],¿Es usted miembro de algunas organizaciones o de este? ¿De las de la Iglesia?,Are you a member of any organizations or of this one? Of those of the Church?,religion
Elvira Varela,[00:19:51:04],"Sí, de la Iglesia Católica. Pues soy católica, soy miembro y siempre estoy muy, muy ayudo en todo y y y luego soy miembro de Ladys Association","Yes, from the Catholic Church. Well, I'm Catholic, I'm a member, and I'm always very, very helpful in everything, and then I'm a member of the Ladies' Association.",religion
Elvira Varela,[00:20:06:12],De la Asociación que en todo también. Y esto más a dos de esos dos.,"From the Association, which also applies to everything. And this applies to two of those two.",
Martha Torrez,[00:20:12:08],"Que es lo lo que es más importante para ustedes, su comunidad. ¿Qué piensa que es más importante?","What's most important to you, your community? What do you think is most important?",
Elvira Varela,[00:20:21:17],Hay tantas cosas que parecen importantes para mí.,There are so many things that seem important to me.,
Martha Torrez,[00:20:25:26],O dígame algunas.,Or tell me some.,
Elvira Varela,[00:20:27:15],Pues no soy. No sé ni.,"Well, I'm not. I don't even know.",
Martha Torrez,[00:20:32:21],"Señora Varela, le quisiera hacer algunas preguntas acerca de su familia. Cuando usted era. ¿Era niña, Verdad que vivía en su casa? Qué recuerda usted de sus padres cuando usted estaba creciendo.","Mrs. Varela, I'd like to ask you a few questions about your family. When you were a child, you lived at home. What do you remember about your parents when you were growing up?",family
Elvira Varela,[00:20:45:07],"¿De niña, Estaba creciendo como qué?","As a child, I was growing up like what?",family
Martha Torrez,[00:20:49:07],"Como quien vivía. Como, por ejemplo, vamos a decir. Describa un día típico en su familia a Había algunas cosas que que eran estaban bien para los hombres, pero que eran diferente para las mujeres. ¿O sea, cuando se se lleva a cabo de de la disciplina, por ejemplo, este la La disciplina era igual para sus hermanos como era para usted?","Like someone who lived. Like, for example, let's say. Describe a typical day in your family. There were some things that were okay for men, but different for women. I mean, when it comes to discipline, for example, was this the same for your brothers as it was for you?",family
Martha Torrez,[00:21:14:12],"Sí, era.","Yes, it was.",
Elvira Varela,[00:21:15:06],"Diferente. Sí. Mi papá y mi mamá fue unas personas con con mucha energía y toditos igualitos. Se iba se algo daño un algo mal. Me castigaban y nos enseñaban a respetar principalmente el respeto era muy era mucho, muy grande con con ellos, con nuestros abuelos, nuestros tíos y tías. Tenemos que respetarlos y hasta esta fecha eso es un respeto muy grande que hoy veo yo que no lo hay.","Different. Yes. My dad and mom were very energetic people, and they were all exactly the same. They would leave if something was hurt, or if something was wrong. They punished me and taught us to respect, especially the respect they had, was very, very great, for them, for our grandparents, our uncles, and aunts. We have to respect them, and to this day, that is a very great respect, which I see today is lacking.",
Elvira Varela,[00:21:40:23],"Niños no lo hay. Pero en mi época contaba una niña cuando era una niña, así se hacían algo más, hasta nos pegaban, nos castigaban, pero pero que en un modo de que no eran ellos, no eran malos padres, a lo menos mi papá no, A mí me parece que nadie tiene, nadie tiene un padre como el que yo tuve, porque mi mamá también, mi mamá porque mi mamá era siempre más, más, más con más, como le dije, pues era más estricta.","There aren't any boys. But in my time, a girl told me when she was a little girl, they did something more, they even hit us, they punished us, but in a way that wasn't them, they weren't bad fathers, at least not my dad. It seems to me that no one has, no one has a father like the one I had, because my mom too, my mom because my mom was always more, more, more with more, as I told you, well, she was stricter.",family
Elvira Varela,[00:22:09:06],"Mi papá nos dejaba pasar más cositas y así. Pero siempre cuando él dice algo así, tenía que ser si era que mi papá nos quería mucho a las niñas, poquito más que a los que mis hermanos entonces.","My dad let us have more little things and stuff like that. But whenever he said something like that, it had to be because my dad loved us girls a lot, a little more than my brothers did back then.",
Martha Torrez,[00:22:20:04],"¿Entonces era parejo, verdad?","So it was even, right?",
Elvira Varela,[00:22:21:15],"Sí, sí, Ajá. Mhm.","Yes, yes, uh-huh. Mhm.",
Martha Torrez,[00:22:23:24],Permitían que usted saliera con amigos.,They allowed you to go out with friends.,
Elvira Varela,[00:22:26:28],"O no, cuando ya tenía sus grandes, que era. Ya sabíamos a lo.","Or not, when he was already big, which was the case. We already knew what he was up to.",
Elvira Varela,[00:22:33:05],Porque eso nunca se ha permitido.,Because that has never been allowed.,
Elvira Varela,[00:22:34:20],"Que se ha permitido. Yo creo que no. No, no, no éramos nada. Bueno, yo creo que no. No más. Yo lo hice todo. Todas las jóvenes en en En esa época, todos nos teníamos que esconder de los demás. No.","That's been allowed. I don't think so. No, no, we were nothing. Well, I don't think so. Nothing more. I did it all. All the young women in that era, we all had to hide from each other. No.",
Martha Torrez,[00:22:46:06],Pero cuando se trataba de decisiones en la familia. ¿Quién era el? El que hacía o la que hacía la. ¿Las decisiones? ¿Su madre o su padre?,"But when it came to family decisions, who was it? The one who made the decisions? His mother or his father?",family
Elvira Varela,[00:22:55:15],"Bueno, en mi casa lo hacía mi mamá. Sí, Mi mamá se hacía la decisión de yo yo Yo miraba que era mi mamá, que mi papá siempre le. ¿Yo le decía Bueno, qué dices vieja? Tu tienes que decir vieja y era por que tú y mi mamá es la que decidía. Ajá. Así es que.","Well, at my house my mom made the decision. Yes, my mom made the decision, like, ""Yo yo."" I saw that it was my mom, that my dad always made it. I would say, ""Well, what are you saying, old lady?"" You have to say ""old lady,"" and it was because you and my mom were the ones who decided. Yeah. So that's it.",
Martha Torrez,[00:23:11:00],"Todos los los hijos tenían que proveer para la familia, porque yo me acuerdo y sé de que en la cultura mexicana casi siempre se ha acostumbrado de que los hijos trabajan y le dan.","All the children had to provide for the family, because I remember and know that in Mexican culture it has almost always been customary for children to work and give back.",family;mexico;culture
Elvira Varela,[00:23:21:19],"Sí, sí.","Yes, yes.",
Martha Torrez,[00:23:23:02],Era de.,It was from.,
Elvira Varela,[00:23:23:16],"Esa oficina. Era cuando yo cuando cuando estábamos en la casa, en mi casa, cuando estamos creciendo. Sí.","That office. It was when I was at home, in my house, when we were growing up. Yeah.",
Martha Torrez,[00:23:29:18],Y todos tenían que compartir.,And everyone had to share.,
Elvira Varela,[00:23:31:02],"Ajá, sí, todos trabajábamos y mi papá llegaba con el dinero, pero no nos faltaba absolutamente nada. Nosotros, cristianos. Bien, entonces vamos al cine, tenemos para ver para donde quiera. Y yo me acuerdo cuando yo completé 16 años, yo ya me compré mi mi primer carro. Mhm, mi hermano también, él compró uno y así una vez lo teníamos la troca donde salíamos para el norte y todo eso.","Yeah, yeah, we all worked, and my dad came home with the money, but we didn't lack anything at all. We're Christians. Okay, so we go to the movies, we have something to watch wherever we want. And I remember when I turned 16, I bought my first car. Mhm, my brother too. He bought one, and so once we had the truck we used to go north and all that.",family
Elvira Varela,[00:23:53:23],"Pero el dinero que ganaba no siempre, siempre gastábamos bastante. Tengo muy buena casa en Tejas y todo eso. Mhm.",But I didn't always earn enough money; we always spent a lot. I have a very nice house in Texas and all that. Mhm.,
Martha Torrez,[00:24:05:10],¿A qué edad consideraban sus padres que ya los niños eran adultos?,At what age did their parents consider their children to be adults?,
Elvira Varela,[00:24:10:11],Pues yo creo que mi papá nunca nos conservado adultos.,"Well, I think my dad never kept us as adults.",
Martha Torrez,[00:24:12:22],No nos trataba como niños. Todavía.,He didn't treat us like children. Yet.,
Elvira Varela,[00:24:17:09],"Ya casi. Cuando nos nos quedamos, nos casamos o ya en el día ya pensó que éramos, ya no éramos niñitos, pero estuvimos en casa, en mi casa, pues éramos para él. Nunca crecimos.","Almost. When we left, when we got married, or when he thought we were, we weren't little kids anymore, but we were at home, at my house, because we were his. We never grew up.",
Martha Torrez,[00:24:29:06],"Hay alguna persona que diría usted que y que tiene más de. ¿O sea, fuera de su familia, verdad? ¿Sabe usted de alguna persona que diría que usted respeta bastante o que ha tenido mucha influencia o su vida? Mmm sí, es una persona amiga o.","Is there anyone you'd say has more than... I mean, outside of your family, right? Do you know anyone you'd say you respect a lot or who's had a lot of influence on your life? Um, yeah, it's a friend or...",family
Elvira Varela,[00:24:47:27],"¿Pues es una amiga? Uno Varios No puedo decir uno, verdad Que sí, Que.","Well, she's a friend? One Several I can't say one, right? Yes, That.",
Martha Torrez,[00:24:53:09],"¿De qué manera? Cuénteme. ¿No tiene que dar nombres, solo cómo fue que por qué los respeta usted a ellos? ¿De qué manera?","In what way? Tell me. You don't have to name names, just how it was, and why you respect them. In what way?",
Elvira Varela,[00:25:01:15],"¿De qué manera lo respetan? Bueno, en mis de muchos años no sé cómo explicar eso, pero como le digo a.","How do they respect him? Well, in my many years, I don't know how to explain that, but as I said...",
Elvira Varela,[00:25:11:29],"Bueno, a mí me respetan como ay que que tengo mi negocio y y pues yo pienso que porque, porque tengo mi negocio me dan, me dan de esa fama o me o me piensan que y me lo han dicho no, nada más piensa en verdad que que yo he llegado a a algo. Mhm. ¿Aunque me ha costado mucho porque yo trabajo, yo yo sé que la cocina es el que preparo, pero tengo que darle mi mi ayuda, verdad?","Well, they respect me like, oh, I have my business and, well, I think that because, because I have my business, they give me, they give me that fame or they think that and they've told me no, they just really think that I've achieved something. Mhm. Although it's cost me a lot because I work, I know that the kitchen is what I prepare, but I have to give them my help, right?",
Elvira Varela,[00:25:38:23],"De tomo yo lo he hecho yo, Me entiende y estoy como estoy porque me ha costado tener mi negocio y todo eso.","I've done it myself, you understand, and I'm the way I am because it's cost me a lot to have my business and all that.",
Martha Torrez,[00:25:48:05],"¿Voy en términos de de nuestra cultura mexicana, verdad? ¿Recuerda usted algún dicho que dice uno verdad o Cuénteme de eso de algunas expresiones o dichas que que a usted le gusten o que usted piensa correctos?","I'm talking about our Mexican culture, right? Do you remember any sayings that are true or tell me about some expressions or sayings that you like or that you think are correct?",mexico;culture
Elvira Varela,[00:26:05:27],"Ay Dios mío, como que he dicho.","Oh my God, as I said.",
Elvira Varela,[00:26:10:07],Ay Dios.,Oh God.,
Martha Torrez,[00:26:12:26],De un dicho Mhm. Dígame de algún dicho que usted recuerda.,From a saying Mhm. Tell me about a saying that you remember.,
Elvira Varela,[00:26:17:10],"Bueno, pues sí que recuerdo es cuando estaban los jóvenes y que mis padres no se quitaban de alguna mala compañía o de que o que los hijos tenían malos padres o algo así. El que no querían que nos juntáramos con él, nos decían mire, el motivo es que hay un dicho que dice dime con quién andas y te diré quién eres.","Well, I do remember when we were young, and my parents couldn't get away from some bad company, or that their children had bad parents, or something like that. The ones who didn't want us to hang out with him, they told us, ""Look, the reason is because there's a saying that goes, 'Tell me who you hang out with, and I'll tell you who you are.'""",
Martha Torrez,[00:26:37:25],¿Y qué quiere decir eso para usted?,And what does that mean for you?,
Elvira Varela,[00:26:40:16],Pues pues es cierto.,"Well, it's true.",
Elvira Varela,[00:26:43:00],Mhm.,Mhm.,
Elvira Varela,[00:26:44:02],Ese es. Es que. ¿Que si es de verdad?,That's the one. It's just. Is it real?,
Martha Torrez,[00:26:47:28],"Sí, porque recuerdo que mi padre también nos ha dicho eso hasta la fecha. ¿Verdad? Y eso es que si andas con mala compañía, tu también vas a estar haciendo.","Yes, because I remember my father telling us that to this day, too. Right? And that means if you hang around with bad company, you'll be doing the same.",family
Elvira Varela,[00:26:56:09],En mala compañía.,In bad company.,
Martha Torrez,[00:26:57:04],Lo mismo.,The same.,
Elvira Varela,[00:26:57:18],"Pero también hay otro que dicen Sí, te cuidan, pues anda entre el número, te quemas. Ajá, Pero de todos modos el, la el. La cosa es que. Que siempre lo ha habido. ¿Eso, verdad? Porque yo también pienso en mis hijos. Si aquella persona es mala. Como sea uno yo digo de mi parte. ¿Ah, yo no pienso verdad? Yo voy a tratar la Me voy a venir a lo que como ella me trata.","But there's also another one who says, ""Yes, they take care of you, well, if you're among the number, you get burned."" Yeah, but anyway, the, the, the. The thing is. That's always been there. That's it, right? Because I also think about my children. If that person is bad. Anyway, one, I say on my behalf. Oh, I don't think, right? I'm going to treat her. I'm going to come to what she treats me like.",health
Elvira Varela,[00:27:18:03],"¿Y no importa qué clase de persona sea, sea mujer mala, no importa si a mí me trata bien, a mí me importa la vida de ellas, verdad? Pero mucha gente lo toma de que no cuentas con con eso. Pues ya, ya, ya perdistes el tu respeto. Ya creen que eres igual. Mhm.","And it doesn't matter what kind of person she is, whether she's a bad woman, or if she treats me well, I care about their lives, right? But a lot of people take it as if you don't count on that. Well, yeah, you've lost your respect. They already think you're the same. Mhm.",health
Martha Torrez,[00:27:35:11],¿Este cuando usted estaba en su casa verdad? Creciendo. Recuerda usted de celebrar ocasiones no celebraba.,"This was when you were at home, right? Growing up. Do you remember celebrating occasions you didn't celebrate?",
Elvira Varela,[00:27:41:01],Si,Yeah,
Martha Torrez,[00:27:41:22],"A ver, platique.","Let's see, talk.",
Elvira Varela,[00:27:42:14],"Bueno el el yo yo recuerdo que lo más que usted era en Navidad, la Navidad, el año nuevo era los más en los cumpleaños de todos nosotros siempre se les dejaba a ver tiempo.","Well, I remember that the most you were at Christmas, Christmas, New Year's, the most on the birthdays of all of us, you always left them to see time.",
Martha Torrez,[00:27:55:00],Platícame algo de la Navidad. ¡Qué recuerdos!,Tell me something about Christmas. What memories!,
Elvira Varela,[00:27:57:11],"Ay, la Navidad todavía. ¿Bueno, por muchos años pensé que hasta lloraba yo, porque cuando venimos para acá viene de familia grande y los abuelos, verdad? Pero recuerdo de que. Mi papá iba y agarre cuando cuando no podía conseguir un árbol de Navidad, él agarraba un mezquite. ¿En Texas no hay muchos mezquite y él no lo arreglaba así, verdad?","Oh, Christmas is still here. Well, for many years I thought I even cried, because when we came here, we came from a large family and the grandparents, right? But I remember that. My dad would go and grab a mesquite tree when he couldn't get a Christmas tree. There aren't many mesquite trees in Texas, and he didn't fix it like that, right?",family
Elvira Varela,[00:28:19:12],"Y luego el. ¿Mi mamá, cuando contaban los muy pequeños antes que se les para otro que después daría más dinero, verdad? Porque estábamos chiquitos que mi papá no tenía mucho. Ella hacía muñequita de garra y así de papaya, carrito de. De madera o algo para mis hermanitos. Y eso agarramos con la Navidad. Estábamos contentos con cosas asina.","And then there was my mom, when they counted the little ones before another one stopped and would give them more money later, right? Because we were little, my dad didn't have much. She made little claw dolls and papaya dolls, wooden cars, or something for my little brothers. And we took that with Christmas. We were happy with things like that.",
Martha Torrez,[00:28:42:01],Hoy en día que se va 1 a 1.,Nowadays it's 1 to 1.,
Elvira Varela,[00:28:45:02],"¿Que barbaridad, Mis hijos ni yo, ya no, yo les platicaba y no, no, no creen que yo que que así fue cuando yo crecí y era y que nos queríamos mucho como quiera había que qué felicidad verdad? En los dulces y lo que no.","What a shame! My children, not me anymore. I used to tell them, and no, no, they don't believe that I think that's how it was when I was growing up and that we loved each other very much. Anyway, there was happiness, right? In sweets and whatever.",
Martha Torrez,[00:28:57:08],¿Verdad?,TRUE?,
Elvira Varela,[00:28:58:02],"Pues la Navidad era una cosa muy muy importante en mi familia, Mucho, muy importante.","Well, Christmas was a very, very important thing in my family. Very, very important.",family
Martha Torrez,[00:29:03:03],Y todavía.,And yet.,
Elvira Varela,[00:29:04:01],"Seguirá a media a media misa, cuando la misa de De gallo que le dicen mi papá y de tanto ahorita lo llevaba una cosa la niña a la casa a tomar chocolate caliente.","It will continue halfway through Mass, when the Midnight Mass is what my dad calls it, and from time to time the girl would take him home to drink hot chocolate.",food and drink
Elvira Varela,[00:29:14:29],Y.,AND.,
Martha Torrez,[00:29:15:05],Y siguió usted la misma cosa.,And you followed the same thing.,
Elvira Varela,[00:29:17:08],"Dijo Sí, igualito, igualito que otra.","He said Yes, just like, just like another one.",
Martha Torrez,[00:29:22:07],Otro día de fiesta. Recuerda usted que haya sido muy especial.,Another holiday. Do you remember it being very special?,
Elvira Varela,[00:29:25:00],Muy especial para nosotros. ¡Ay Dios! Pues.,Very special for us. Oh my God! Well.,
Elvira Varela,[00:29:29:29],"Bueno, malo. Los cumpleaños no festejaban los cumpleaños. Pero lo. Lo más importante del año era es la Navidad en el mundo en cuanto.","Well, bad. Birthdays weren't celebrated. But the most important thing of the year was Christmas in the world.",
Martha Torrez,[00:29:38:22],"¿Por qué otras costumbres de familiar, verdad? Recuerda usted que. ¿Ah que usted ha seguido practicando este como cuando usted estaba con su familia? Ahora que usted es madre y tiene su.","Why other family customs, right? You remember that? Oh, you've continued practicing this like when you were with your family? Now that you're a mother and have your own...",family;culture
Elvira Varela,[00:29:51:29],Los domingos.,Sundays.,
Martha Torrez,[00:29:53:27],Que pasan los.,What's up.,
Elvira Varela,[00:29:54:16],"Domingos porque los domingos yo lo hacía, ya no lo hago mucho, vaya, pero los domingos yo recuerdo cuando yo estaba en mi casa que mi abuelita nos juntamos todos en casa de mi abuelita. Era una familia de hermanos, tíos y toda mi mamá, y era como si comer comida especial, unas bandejas de caldo, todo. Entonces así fue como yo me crié los domingos.","Sundays, because I used to do it on Sundays. I don't do it much anymore, really, but on Sundays, I remember when I was at home with my grandma, we all got together at my grandma's house. It was a family of siblings, uncles, and my mom, and it was like eating special food, trays of broth, everything. So that's how I grew up on Sundays.",family
Elvira Varela,[00:30:18:06],"¿Los domingos era muy importante, verdad? Bueno, cuando yo me casé, que ya tuve mi familia, yo hice lo mismo. Y el domingo a mi en mi casa, con mis hijos nunca iba a quitar toda la semana, pero el domingo yo bueno, ahora la paso con mis nietos y con mis hijos. ¿Están casados? Tengo uno que está soltero, solo están casados, Es es ese día es de ellos.","Sundays were very important, right? Well, when I got married, and already had my family, I did the same. And on Sundays, I was never going to take the whole week off at home with my children, but now I spend Sundays with my grandchildren and my children. Are they married? I have one who's single, they're just married. That's their day.",family
Martha Torrez,[00:30:34:26],Todos se reúnen en su casa.,Everyone gathers at his house.,
Elvira Varela,[00:30:36:28],"O en casa de mi hijo. ¿Mi hija? O sea, ve. Pero ese es el día muy importante. Yo. Saben porque de chiquitos yo los. Así los impuse y seguridad y todos trabajan. Pero ese día eso es de nosotros. Lo único malo es que haga algo especial ahí, que tengan que ir un lugar o como ver también ir a una algún lugar.","Or at my son's house. My daughter? I mean, go. But that's the very important day. Me. You know, because when they were little, I used to. So I imposed security on them, and everyone works. But that day is ours. The only bad thing is that I do something special there, that they have to go somewhere, or, like, go somewhere.",
Elvira Varela,[00:30:54:23],"Entonces ya no son tan. Pero es el día más importante el domingo ir ahí, leer e ir a misa y luego reunimos.","So they're not as important anymore. But Sunday is the most important day: to go there, read, and attend Mass, and then we meet.",
Martha Torrez,[00:31:05:26],"¿Este en el tema de costumbres y tradiciones, verdad? ¿De lo que eran de de México, digo de Texas, verdad? ¿Entonces es importante mantener esas costumbres y tradiciones para usted?","You're talking about customs and traditions, right? From what they were from Mexico—I mean, Texas, right? So, it's important to you to maintain those customs and traditions?",culture;history;mexico
Elvira Varela,[00:31:20:25],Claro.,Clear.,
Martha Torrez,[00:31:21:11],¿Por qué piensa usted que es importante?,Why do you think it is important?,
Elvira Varela,[00:31:23:08],Porque somos mexicanos y no debemos de perderlo nunca.,Because we are Mexicans and we must never lose it.,
Martha Torrez,[00:31:30:14],Teníamos las mismas.,We had the same ones.,
Martha Torrez,[00:31:35:09],Pienso usted que son importantes de mantenerlas.,I think they are important to maintain.,
Elvira Varela,[00:31:37:29],"Sí, sí, son y son bastante importantes. Pero se están perdiendo mucha gente. No, no, no, no, no, no. Las lleva.","Yes, yes, they are, and they are quite important. But they are missing a lot of people. No, no, no, no, no, no. He's carrying them.",
Martha Torrez,[00:31:45:24],¿Porque piensa usted que es eso?,Why do you think that is?,
Elvira Varela,[00:31:47:18],"Porque principalmente en mexicano y las costumbres. ¿Bueno, ya cuando el mexicano se casa con una americana y la pierde, entiende? Yo mantuve eso con mis hijos. Estuvieron en mi casa jóvenes solteros, pero ya ahora de casados. Ellos a veces ni siquiera me que piensa que son mexicanos. Ya se pierde.","Because it's mainly about Mexican culture and customs. Well, when a Mexican marries an American woman and loses her, you understand? I maintained that with my children. They were young, single people in my house, but now they're married. Sometimes they don't even think I'm Mexican. It's lost.",mexico;culture
Martha Torrez,[00:32:09:10],A ese pierde. ¿Lo ven sus hijos?,He loses that one. Do his children see it?,
Elvira Varela,[00:32:11:04],"Sí, yo lo veo en mis hijos, pero a mí no se me va a quitar nunca el venir de mi casa. Pero entre ellos no, no es, no es igual como cuando yo los quería. Ellos. Yo sé que es de ahora, es muy diferente.","Yes, I see it in my children, but I'll never stop coming home. But among them, no, it's not, it's not the same as when I loved them. They. I know it's from now on, it's very different.",
Martha Torrez,[00:32:24:14],¿Y la religión que significa para usted hoy?,And what does religion mean to you today?,religion
Elvira Varela,[00:32:27:18],"La religión es una cosa muy sagrada para mí. Es católica. Sí, muy católica.","Religion is a very sacred thing for me. It's Catholic. Yes, very Catholic.",religion
Martha Torrez,[00:32:33:01],Sus hijos.,His children.,
Elvira Varela,[00:32:33:21],También. Mhm. También son católicos que sus esposas están casados.,Also. Mhm. They are also Catholics whose wives are married.,
Martha Torrez,[00:32:45:13],¿Cómo conoció a usted? ¿A su esposo?,How did he meet you? Your husband?,family
Elvira Varela,[00:32:49:11],¿Cómo?,As?,
Martha Torrez,[00:32:49:18],"¿Conocí Si no es muy personal, verdad?","I met If it's not very personal, right?",
Elvira Varela,[00:32:53:15],"¿Usted? Mhm. Ay, Dios mío.",You? Mhm. Oh my God.,
Elvira Varela,[00:33:00:13],¡Ay! Pues lo conocí.,"Oh! Well, I met him.",
Elvira Varela,[00:33:04:08],En en un baile. A los.,At a dance. At the.,recreation
Martha Torrez,[00:33:08:20],A todos nos gusta el baile.,We all like to dance.,recreation
Martha Torrez,[00:33:12:19],Descríbame su. ¿Su boda Tuvo boda grande?,Describe your wedding. Did you have a big wedding?,family
Elvira Varela,[00:33:15:06],Sí.,Yeah.,
Martha Torrez,[00:33:16:12],"A ver, platícame un poco de de mi boda.","Let's see, tell me a little about my wedding.",family
Elvira Varela,[00:33:18:15],Bueno. Pues nos casamos en noviembre dos. El Día de muertos para los mexicanos. Sí.,"Okay. Well, we got married on November 2nd. The Day of the Dead for Mexicans. Yes.",
Elvira Varela,[00:33:26:10],¿Verdad?,TRUE?,
Elvira Varela,[00:33:28:00],"Del 52. En el caso de caballistas, caballos, Libertad en el 53 y. Tuve. Me puse mi vestido de novia. Llevé siete damas y tuvimos baile. Todo eso fue una boda mexicana.","From '52. In the case of horsemen, horses, Libertad in '53 and... I had... I wore my wedding dress. I brought seven bridesmaids and we had dancing. All of that was a Mexican wedding.",family;mexico
Martha Torrez,[00:33:45:18],Por supuesto. Una misa y.,Of course. A mass and.,
Elvira Varela,[00:33:46:25],"Todo. ¿Todo así por la iglesia? Claro. Por la iglesia. Con misa, con comida, con cena, con todo, con baile. Y luego, a las dos semanas de casados, nos vinimos para acá. Y entonces estamos aquí. En Naranjo y aquí vamos a poca tele de aquí. No, aquí no nos han movido para ningún lado A vivir. ¿No? Pero sí me gusta mucho mi árbol Fox.","Everything. Everything like that for the church? Of course. For the church. With mass, with lunch, with dinner, with everything, with dancing. And then, two weeks after we were married, we moved here. And so we're here. In Naranjo, and here we go, a little bit of TV from here. No, they haven't moved us anywhere to live here. Right? But I do really like my Fox tree.",religion;wildlife
Elvira Varela,[00:34:11:27],"Si fuera otro para mí, donde vivía, yo me iba a vivir. Ahora son los únicos por los que ordenar.","If it were another place for me, I'd live there. Now they're the only ones I have to sort out.",
Martha Torrez,[00:34:19:13],"En en el tema de identidad, este. Antes de la grabación estábamos discutiendo que mucha gente se considera mexicanos, otros se consideran mexicanos americanos, otros se consideran hispanos o latinos que como que su identidad. ¿Qué piensa usted para usted?","On the topic of identity, this one. Before the recording, we were discussing how many people consider themselves Mexican, others Mexican-American, and others Hispanic or Latino—that's sort of their identity. What do you think about that for yourself?",mexico
Elvira Varela,[00:34:40:09],"Bueno, yo pues yo pienso que soy mexicana americana porque mexicana de de. De raza y americana porque nací en Estados Unidos. Mhm.","Well, I think I'm Mexican-American because I'm Mexican by race and American because I was born in the United States. Mhm.",mexico
Martha Torrez,[00:34:53:03],¿Y en qué? ¿En eso basa usted su identidad? Porque es nacida.,And what is that? Is that what you base your identity on? Because you're born with it.,
Elvira Varela,[00:34:57:14],"Mhm. Porque yo no sé nada de México. Absolutamente nada. Quisiera saber, pero nada, nadita. O sea, yo nunca he ido a México, no más a las fronteras, es todo. Pero yo creo día en México. No.","Mhm. Because I don't know anything about Mexico. Absolutely nothing. I'd like to know, but nothing, nothing. I mean, I've never been to Mexico, not even to the borders, that's all. But I believe in Mexico every day. No.",mexico
Martha Torrez,[00:35:08:17],No. ¿Pero le gustaría algún día?,No. But would you like to one day?,
Elvira Varela,[00:35:10:21],"¿Sí, claro, pero no por eso voy a decir yo que no soy mexicana, eh?","Yes, of course, but that doesn't mean I'm not Mexican, right?",mexico
Martha Torrez,[00:35:15:11],¿Y sus padres? Cómo se identificaban ellos también como mexicanos.,"And your parents? How did they identify as Mexicans, too?",
Elvira Varela,[00:35:18:27],"¿Sí o sí? Principalmente mi papá, que él vino de México, él era de México.","Yes or yes? Mainly my dad, who came from Mexico, he was from Mexico.",mexico
Martha Torrez,[00:35:23:29],Tenía el orgullo y todo.,He had the pride and everything.,
Elvira Varela,[00:35:25:16],Ser mexicano es ser puro mexicano.,To be Mexican is to be pure Mexican.,mexico
Elvira Varela,[00:35:28:05],Sí.,Yeah.,
Martha Torrez,[00:35:28:29],"¿Para sus hijos, qué piensa que es la identidad? Son. ¿Se consideran ellos?","For your children, what do you think identity means? They are. Do they consider themselves?",
Elvira Varela,[00:35:32:29],"¿Si ellos se consideran mexicanos? Claro, pero yo pienso que ellos se consideran más menos mexicanos que yo, porque es del modo que ellos, como le digo, se criaron y vivieron. ¿Pues fue también quizá culpa de nosotros, verdad? Porque estaban así en ese tiempo. Quizá ignorábamos nuestra raza o cómo vivir o o no sé, dejamos que vivieran más americanos que mexicanos.","Do they consider themselves Mexican? Of course, but I think they consider themselves less Mexican than I do, because that's the way they, as I said, were raised and lived. Well, maybe it was also our fault, right? Because they were like that at the time. Maybe we didn't know about our race or how to live, or I don't know, we let more Americans than Mexicans live.",mexico
Elvira Varela,[00:35:58:25],"Mhm. ¿Y eso? El único, el único problema de mis hijos. No hablan español ni me entienden a mí todo lo que yo les digo. ¿Pero que ellos tengan una una cosa que para protegerse nomás no? Y como le digo que están casados menos y es lo que a mí después de tanto hora y yo me culpo porque no debería haber hecho eso.","Mhm. And that's it? The only, only problem my children have. They don't speak Spanish, nor do they understand anything I say. But what about them having something that's just to protect themselves? And since I told you they're married, even less so, and that's what I blame myself for after so much time, because I shouldn't have done that.",
Elvira Varela,[00:36:17:16],"Pero no los enseñé bien, bien.","But I didn't teach them well, well.",
Martha Torrez,[00:36:19:21],¿Qué consejo me diera a mí para que yo no me pasara eso a mí?,What advice would you give me so that this doesn't happen to me?,
Elvira Varela,[00:36:23:12],"Pues que que nunca dejen y que los haga. Que hablen español, que los haga Yo nunca hice a mis hijos que hicieran eso. Bésame. Ya me pase. Bueno, pues era yo también. Nunca los obligué a que. ¿A que tuve? A que aprendí de los idiomas. Eso fue.","Well, I want them to never stop and I want them to do it. I want them to speak Spanish, I want them to do it. I never made my children do that. Kiss me. It happened to me. Well, that was me too. I never forced them to do that. What did I have? I learned languages. That's it.",
Martha Torrez,[00:36:36:26],"Sí, porque mi padre siempre nos decían de la puerta para acá. Español. Ya una vez que salgan allá pueden hablar el inglés.","Yes, because my father always told us to move from the door to here. Spanish. Once you get out there, you can speak English.",family
Elvira Varela,[00:36:43:16],"Y eso es BC y y nosotros, yo yo, mi marido no hicimos eso. No, no lo hicimos. Y como era la mucho mejor el inglés pues el mismo les enseñó. Ahí está la fecha.","And that's BC, and we, my husband, I, didn't do that. No, we didn't. And since she was much better at English, he taught them himself. There's the date.",family
Martha Torrez,[00:36:54:17],Se comunican en sí. Mi padre también siempre decía.,They communicate within themselves. My father always said that too.,family
Elvira Varela,[00:36:57:25],"¿Pues que pienso yo que hoy fue el el el error que yo hice con mi ex marido, con nuestros hijos, verdad? Y ellos mismos nos dicen como si mi hijo Steve Junior. Él dice que fue culpa nosotros porque ellos sí, sí, cierto. Ellos no hablan los idiomas como muchos otros mexicanos y si les da envidia pero están a prueba, quieren aprender, pero ahora es muy.","Well, I think today was the mistake I made with my ex-husband, with our children, right? And they themselves tell us, as if it were my son Steve Junior. He says it was our fault because they do, yes, true. They don't speak the languages ​​like many other Mexicans, and yes, they're jealous, but they're trying, they want to learn, but now it's very...",
Elvira Varela,[00:37:18:19],Es muy difícil que pues lo puedan hacer.,It is very difficult for them to do so.,
Martha Torrez,[00:37:20:15],"Así, pero si, si indican el interés de haberlo sabido.","So, but yes, they do indicate interest in having known.",
Elvira Varela,[00:37:24:19],Pues sí.,Well yes.,
Martha Torrez,[00:37:25:21],Y mi padre siempre nos ha dicho dice si hablan dos idiomas.,And my father has always told us if they speak two languages.,family
Elvira Varela,[00:37:29:05],Es mejor.,It's better.,
Martha Torrez,[00:37:29:29],Personas.,People.,
Elvira Varela,[00:37:30:15],"¿Claro, y más inglés mejor, mucho más, verdad? Persona que pueda avanzar entre comillas. Y mi hijo Steve Junior dice Si yo supiera bien el español hablarlo y se yo les enseñara a mis hijos. ¿Sí, verdad? Pues claro que sí podía. Seguro, pero como no puede, pues no puede enseñar ahí. Hombre.","Of course, and more English is better, much more, right? A person who can move forward, so to speak. And my son Steve Junior says, ""If only I knew how to speak Spanish well and I could teach it to my children."" Yeah, right? Of course he could. Sure, but since he can't, he can't teach there. Man.",
Martha Torrez,[00:37:49:14],Y a sus nietos usted digo.,And to your grandchildren you say.,
Elvira Varela,[00:37:51:10],"Yo, yo ya les hablo, pero.","I, I'm already talking to them, but.",
Martha Torrez,[00:37:55:02],Si no lo practican no lo puedo.,"If you don't practice it, I can't do it.",
Elvira Varela,[00:37:57:01],"Como le digo sí, nomás sin tocar el mundo, lo voy a ver. No van a aprender nunca. Es que vivieran conmigo y que yo hiciera con ellos lo que hice, lo que no hice con mis hijos, darles todos los días y que no aquí no hablan inglés o no habla español. Y eso es lo que han hecho Cuando les.","As I say, yes, just without touching the world, I'll see it. They'll never learn. It's that they lived with me and I did with them what I did, what I didn't do with my children, giving them food every day and not speaking English or Spanish here. And that's what they've done when they...",
Elvira Varela,[00:38:14:03],Eso es lo único malo que yo hice en mi familia y no me arrepiento y sé que soy culpable. Ni modo.,"That's the only bad thing I ever did in my family, and I don't regret it, and I know I'm guilty. No way.",family
Martha Torrez,[00:38:21:15],"Pues señora Barrera, ya le he quitado bastante tiempo. ¿Yo sé que usted está muy ocupada, verdad? Este Antes de retirarme quisiera preguntarle qué piensa usted, el esfuerzo que que estamos haciendo nosotros ahorita por este, por tratar de tener esta historia de nuestra gente hispana que es su opinión de este proyecto, pues.","Well, Mrs. Barrera, I've already taken up quite a bit of your time. I know you're very busy, right? Before I leave, I'd like to ask you what you think about the effort we're making right now, to try to get this story from our Hispanic people, what's your opinion of this project?",
Elvira Varela,[00:38:42:18],"Es una cosa. Bien, está muy bien hecho y me gusta bastante y es y soy orgullosa de que también pues va a poder ayudar en esto y ojalá que ayude. Sin historia no es muy buena, pero es es una cosa muy muy bien.","It's one thing. Well, it's very well done, and I like it quite a bit, and I'm proud that it's also going to be able to help with this, and I hope it helps. Without a story, it's not very good, but it is a very, very good thing.",
Martha Torrez,[00:39:00:18],¿Y también antes de cerrar quisiera este preguntarle hay alguna cosa que usted quisiera compartir con nosotros que tal vez yo no le haya preguntado? Puede pensar de alguna cosa que quisiera decir o no agregar.,"And before closing, I'd like to ask you: Is there anything you'd like to share with us that I might not have asked you? You may think of anything you'd like to add or not add.",
Elvira Varela,[00:39:14:27],O yo no sé que hay.,Or I don't know what there is.,
Elvira Varela,[00:39:16:08],Esto.,This.,
Martha Torrez,[00:39:18:05],"Bueno, entonces a este punto le quisiera dar las gracias por su tiempo y muy amable y este. Estaremos en contacto con usted también.","Well, at this point, I'd like to thank you for your time and your kindness. We'll be in touch with you as well.",